{"cameraMode":{"drawMode":0,"name":"Shaded","section":"Shading Mode"},"sceneLighting":true,"audioPlay":false,"sceneViewState":{"showFog":true,"showMaterialUpdate":false,"showSkybox":true,"showFlares":true,"showImageEffects":true,"showParticleSystems":true},"in2DMode":false,"pivot":{"x":127.57283020019531,"y":462.5272216796875,"z":628.597900390625},"rotation":{"x":0.31567421555519106,"y":-0.10926941782236099,"z":-0.0366232730448246,"w":-0.9418432712554932},"size":878.2449951171875,"orthographic":false}