{"cameraMode":{"drawMode":0,"name":"Shaded","section":"Shading Mode"},"sceneLighting":true,"audioPlay":false,"sceneViewState":{"showFog":true,"showMaterialUpdate":false,"showSkybox":true,"showFlares":true,"showImageEffects":true,"showParticleSystems":true},"in2DMode":false,"pivot":{"x":-20.882091522216798,"y":702.7863159179688,"z":412.27606201171877},"rotation":{"x":0.4928624629974365,"y":0.007830576971173287,"z":0.004435935989022255,"w":-0.8700606822967529},"size":878.2449951171875,"orthographic":false}